2018-02-24 18:24:57.571085	LSTM-PEEP	0.3	0.3	1	300	0	51.4500021935	53.839342561
2018-02-24 18:25:26.636723	LSTM-PEEP	0.3	0.3	1	300	1	54.699999094	51.5698878964
2018-02-24 18:25:55.550472	LSTM-PEEP	0.3	0.3	1	300	2	57.2499990463	53.3226113187
2018-02-24 18:26:24.583364	LSTM-PEEP	0.3	0.3	1	300	3	55.8499991894	56.32984519
2018-02-24 18:26:53.354594	LSTM-PEEP	0.3	0.3	1	300	4	63.4000003338	56.3144583835
2018-02-24 18:27:22.393012	LSTM-PEEP	0.3	0.3	1	300	5	54.6000003815	56.1100058423
2018-02-24 18:33:47.442919	NORM	0.2	0.3	1	50	0	50.8000016212	49.330457449
2018-02-24 18:36:27.808059	NORM	0.2	0.3	1	50	1	50.9500026703	49.8612990313
2018-02-24 18:39:06.768199	NORM	0.2	0.3	1	50	2	50.0999987125	50.4918138517
2018-02-24 18:41:44.584906	NORM	0.2	0.3	1	50	3	51.550000906	50.4309818811
2018-02-24 18:44:24.640159	NORM	0.2	0.3	1	50	4	51.8499970436	50.5823468169
2018-02-24 18:47:03.980096	NORM	0.2	0.3	1	50	5	51.8999993801	50.9569385317
2018-02-24 18:48:41.862407	LSTM-PEEP	0.1	0.0	1	120	0	50.3000020981	54.8484315806
2018-02-24 18:49:09.353396	LSTM-PEEP	0.1	0.0	1	120	1	50.0	57.4949456255
2018-02-24 18:49:36.935641	LSTM-PEEP	0.1	0.0	1	120	2	51.1500000954	52.1090185311
2018-02-24 18:50:04.496780	LSTM-PEEP	0.1	0.0	1	120	3	50.0	54.85534211
2018-02-24 18:50:32.395457	LSTM-PEEP	0.1	0.0	1	120	4	53.250002861	51.8541676137
2018-02-24 18:51:00.078565	LSTM-PEEP	0.1	0.0	1	120	5	53.3500015736	55.0118814905
2018-02-24 18:55:28.818598	LSTM-PEEP	0.3	0.15	3	300	0	50.0	53.6012912128
2018-02-24 18:56:59.299085	LSTM-PEEP	0.3	0.15	3	300	1	52.2000014782	51.8251131641
2018-02-24 18:58:30.753871	LSTM-PEEP	0.3	0.15	3	300	2	50.7499992847	51.9863332974
2018-02-24 19:00:00.404146	LSTM-PEEP	0.3	0.15	3	300	3	50.0	50.1394343045
2018-02-24 19:01:30.158708	LSTM-PEEP	0.3	0.15	3	300	4	52.3500025272	54.8876985245
2018-02-24 19:03:00.304344	LSTM-PEEP	0.3	0.15	3	300	5	50.8499979973	53.9777038495
2018-02-24 19:04:30.788740	LSTM-PEEP	0.3	0.15	3	300	6	50.0	51.4060294297
2018-02-24 19:06:01.832378	LSTM-PEEP	0.3	0.15	3	300	7	50.0	50.1472636726
2018-02-24 19:07:32.659921	LSTM-PEEP	0.3	0.15	3	300	8	50.0	49.8784558641
2018-02-24 19:09:02.971936	LSTM-PEEP	0.3	0.15	3	300	9	50.0	50.6687950095
2018-02-24 19:10:32.861490	LSTM-PEEP	0.3	0.15	3	300	10	50.150001049	51.1646248566
2018-02-24 19:12:04.681376	LSTM-PEEP	0.3	0.15	3	300	11	50.0	52.3657586839
2018-02-24 19:13:38.087622	LSTM-PEEP	0.3	0.15	3	300	12	53.6000013351	52.0935297343
2018-02-24 19:15:11.937886	LSTM-PEEP	0.3	0.15	3	300	13	50.4000008106	51.6961470246
2018-02-24 19:21:41.057403	NORM	0.3	0.1	1	50	0	51.2499988079	50.0928826133
2018-02-24 19:24:18.738086	NORM	0.3	0.1	1	50	1	50.0500023365	50.7564005256
2018-02-24 19:26:59.094349	NORM	0.3	0.1	1	50	2	50.3499984741	50.5660580926
2018-02-24 19:29:40.284694	NORM	0.3	0.1	1	50	3	50.6500005722	51.0649517179
2018-02-24 19:32:16.843061	NORM	0.3	0.1	1	50	4	52.6000022888	51.5050561229
2018-02-24 19:34:54.689503	NORM	0.3	0.1	1	50	5	51.3000011444	51.9474751088
2018-02-24 19:37:58.266954	LSTM-PEEP	0.1	0.3	2	120	0	52.7000010014	59.049650232
2018-02-24 19:38:57.223368	LSTM-PEEP	0.1	0.3	2	120	1	67.5499975681	56.6857819756
2018-02-24 19:39:55.481640	LSTM-PEEP	0.1	0.3	2	120	2	70.4999983311	57.4535174833
2018-02-24 19:40:54.223663	LSTM-PEEP	0.1	0.3	2	120	3	63.1500005722	55.4241397646
2018-02-24 19:41:53.182708	LSTM-PEEP	0.1	0.3	2	120	4	52.4500012398	56.5464842651
2018-02-24 19:42:51.036184	LSTM-PEEP	0.1	0.3	2	120	5	59.249997139	59.8421339856
2018-02-24 19:43:49.239345	LSTM-PEEP	0.1	0.3	2	120	6	57.7499985695	60.0075582332
2018-02-24 19:44:47.889526	LSTM-PEEP	0.1	0.3	2	120	7	70.6499993801	67.665339907
2018-02-24 19:45:46.386368	LSTM-PEEP	0.1	0.3	2	120	8	51.550000906	69.0254467395
2018-02-24 19:50:14.754965	LSTM-PEEP	0.1	0.3	3	120	0	50.0	54.0726110339
2018-02-24 19:51:43.912864	LSTM-PEEP	0.1	0.3	3	120	1	49.9500006437	51.5618540843
2018-02-24 19:53:11.847195	LSTM-PEEP	0.1	0.3	3	120	2	55.4000020027	53.559590545
2018-02-24 19:54:40.223768	LSTM-PEEP	0.1	0.3	3	120	3	59.7999989986	55.201168557
2018-02-24 19:56:08.061823	LSTM-PEEP	0.1	0.3	3	120	4	57.2000026703	60.6686930524
2018-02-24 19:57:36.692372	LSTM-PEEP	0.1	0.3	3	120	5	62.0999991894	66.9725294246
2018-02-24 19:59:04.681498	LSTM-PEEP	0.1	0.3	3	120	6	70.3999996185	69.7091340356
2018-02-24 20:00:32.383123	LSTM-PEEP	0.1	0.3	3	120	7	71.4500010014	72.3323298825
2018-02-24 20:02:01.392505	LSTM-PEEP	0.1	0.3	3	120	8	73.2500016689	74.5925421847
2018-02-24 20:03:29.851657	LSTM-PEEP	0.1	0.3	3	120	9	76.550000906	75.3123644988
2018-02-24 20:04:58.267356	LSTM-PEEP	0.1	0.3	3	120	10	74.6500015259	75.5353696479
2018-02-24 20:06:25.134352	LSTM-PEEP	0.1	0.3	3	120	11	78.100001812	77.0222296317
2018-02-24 20:07:52.567575	LSTM-PEEP	0.1	0.3	3	120	12	78.7500023842	77.7222568459
2018-02-24 20:09:19.704616	LSTM-PEEP	0.1	0.3	3	120	13	79.7999978065	78.8213172886
2018-02-24 20:12:59.207740	GRU	0.3	0.0	3	120	0	49.9500006437	49.4043783347
2018-02-24 20:14:13.148335	GRU	0.3	0.0	3	120	1	50.8499979973	49.9180630843
2018-02-24 20:15:27.009989	GRU	0.3	0.0	3	120	2	51.1500000954	50.535250571
2018-02-24 20:16:40.434425	GRU	0.3	0.0	3	120	3	51.3000011444	50.3222194976
2018-02-24 20:17:53.567277	GRU	0.3	0.0	3	120	4	50.9500026703	50.3821664717
2018-02-24 20:19:07.223712	GRU	0.3	0.0	3	120	5	50.5999982357	49.8434783022
2018-02-24 20:20:20.892436	GRU	0.3	0.0	3	120	6	51.0500013828	50.5649006036
2018-02-24 20:21:34.506106	GRU	0.3	0.0	3	120	7	49.9000012875	50.0519647532
2018-02-24 20:22:47.387877	GRU	0.3	0.0	3	120	8	50.0999987125	50.1343791352
2018-02-24 20:24:00.469156	GRU	0.3	0.0	3	120	9	51.2499988079	50.0833171275
2018-02-24 20:25:13.256616	GRU	0.3	0.0	3	120	10	50.9000003338	50.1490169764
2018-02-24 20:26:26.244339	GRU	0.3	0.0	3	120	11	51.4500021935	49.3787451254
2018-02-24 20:27:39.953765	GRU	0.3	0.0	3	120	12	50.0999987125	49.5525605811
2018-02-24 20:28:53.592189	GRU	0.3	0.0	3	120	13	51.6499996185	49.9473214812
2018-02-24 20:42:07.499698	NORM	0.3	0.0	2	300	0	51.0500013828	51.2483839194
2018-02-24 20:47:40.924496	NORM	0.3	0.0	2	300	1	51.8000006676	52.9105061624
2018-02-24 20:53:22.686624	NORM	0.3	0.0	2	300	2	55.1500022411	54.1542085674
2018-02-24 20:59:08.058898	NORM	0.3	0.0	2	300	3	53.4500002861	54.9512538645
2018-02-24 21:04:50.398369	NORM	0.3	0.0	2	300	4	55.6999981403	55.591844817
2018-02-24 21:10:33.152103	NORM	0.3	0.0	2	300	5	53.3500015736	55.410046743
2018-02-24 21:16:16.109127	NORM	0.3	0.0	2	300	6	55.4000020027	55.4770742522
2018-02-24 21:21:59.727789	NORM	0.3	0.0	2	300	7	51.2000024319	53.6723692881
2018-02-24 21:27:44.574177	NORM	0.3	0.0	2	300	8	52.6000022888	52.301284439
2018-02-24 21:28:50.526957	LSTM	0.2	0.1	1	25	0	52.3999989033	51.6451876031
2018-02-24 21:29:11.256802	LSTM	0.2	0.1	1	25	1	64.4500017166	58.1359623538
2018-02-24 21:29:31.901706	LSTM	0.2	0.1	1	25	2	51.2000024319	55.7391587893
2018-02-24 21:29:52.392172	LSTM	0.2	0.1	1	25	3	63.0999982357	54.8171477516
2018-02-24 21:30:13.142518	LSTM	0.2	0.1	1	25	4	58.6000025272	61.4518834816
2018-02-24 21:30:33.929591	LSTM	0.2	0.1	1	25	5	62.2500002384	63.2678386238
2018-02-24 21:37:12.655596	NORM	0.2	0.0	1	50	0	49.7999995947	50.2034489976
2018-02-24 21:39:52.824834	NORM	0.2	0.0	1	50	1	49.7500002384	51.0219404764
2018-02-24 21:42:32.478430	NORM	0.2	0.0	1	50	2	50.8000016212	50.7688256105
2018-02-24 21:45:12.763453	NORM	0.2	0.0	1	50	3	50.8000016212	51.331581076
2018-02-24 21:47:52.646963	NORM	0.2	0.0	1	50	4	50.8000016212	51.4470154378
2018-02-24 21:50:33.224113	NORM	0.2	0.0	1	50	5	51.4999985695	51.4438666569
2018-02-24 21:56:59.485324	NORM	0.1	0.1	1	120	0	49.3999987841	49.7784593039
2018-02-24 21:59:41.713369	NORM	0.1	0.1	1	120	1	51.9999980927	49.8781664504
2018-02-24 22:02:23.366021	NORM	0.1	0.1	1	120	2	48.9499986172	49.6523358756
2018-02-24 22:05:04.583517	NORM	0.1	0.1	1	120	3	51.3499975204	50.1175796986
2018-02-24 22:07:47.337117	NORM	0.1	0.1	1	120	4	51.2000024319	50.4645295607
2018-02-24 22:10:29.447311	NORM	0.1	0.1	1	120	5	48.9499986172	50.4875416226
2018-02-24 22:17:09.019023	NORM	0.2	0.3	1	25	0	52.3999989033	51.1444725262
2018-02-24 22:19:49.150347	NORM	0.2	0.3	1	25	1	52.4999976158	53.1857648492
2018-02-24 22:22:29.727169	NORM	0.2	0.3	1	25	2	53.100001812	53.7856424186
2018-02-24 22:25:11.046193	NORM	0.2	0.3	1	25	3	53.149998188	53.6440812217
2018-02-24 22:27:49.449352	NORM	0.2	0.3	1	25	4	52.4500012398	54.0960658921
2018-02-24 22:30:28.158271	NORM	0.2	0.3	1	25	5	54.5000016689	54.0523737007
2018-02-24 22:33:35.280341	LSTM-PEEP	0.3	0.15	2	25	0	60.6999993324	54.584338665
2018-02-24 22:34:35.802108	LSTM-PEEP	0.3	0.15	2	25	1	58.9999973774	62.9399349292
2018-02-24 22:35:36.403172	LSTM-PEEP	0.3	0.15	2	25	2	65.750002861	62.9031191932
2018-02-24 22:36:37.256671	LSTM-PEEP	0.3	0.15	2	25	3	62.2500002384	62.6026017798
2018-02-24 22:37:38.087162	LSTM-PEEP	0.3	0.15	2	25	4	67.8499996662	66.4559343126
2018-02-24 22:38:38.513450	LSTM-PEEP	0.3	0.15	2	25	5	63.5999977589	55.6991602646
2018-02-24 22:39:39.363804	LSTM-PEEP	0.3	0.15	2	25	6	66.9499993324	64.284638034
2018-02-24 22:40:40.251621	LSTM-PEEP	0.3	0.15	2	25	7	68.5500025749	67.5079154306
2018-02-24 22:41:41.111456	LSTM-PEEP	0.3	0.15	2	25	8	65.7000005245	70.7701022095
2018-02-24 22:48:03.925021	NORM	0.1	0.3	1	300	0	50.6500005722	49.5690365301
2018-02-24 22:50:40.835121	NORM	0.1	0.3	1	300	1	49.3499994278	50.2261376381
2018-02-24 22:53:19.352370	NORM	0.1	0.3	1	300	2	51.700001955	50.3121260802
2018-02-24 22:55:58.456126	NORM	0.1	0.3	1	300	3	51.9999980927	50.7918547922
2018-02-24 22:58:37.927033	NORM	0.1	0.3	1	300	4	51.700001955	50.8051990138
2018-02-24 23:01:17.190458	NORM	0.1	0.3	1	300	5	52.1499991417	51.0700070527
2018-02-24 23:02:22.562401	GRU	0.2	0.1	1	120	0	52.2499978542	52.3795455363
2018-02-24 23:02:45.780968	GRU	0.2	0.1	1	120	1	55.1500022411	56.7666814062
2018-02-24 23:03:08.867861	GRU	0.2	0.1	1	120	2	53.7000000477	59.3283133705
2018-02-24 23:03:31.917289	GRU	0.2	0.1	1	120	3	52.0500004292	56.6979857617
2018-02-24 23:03:55.070034	GRU	0.2	0.1	1	120	4	63.7499988079	55.9465731515
2018-02-24 23:04:18.072125	GRU	0.2	0.1	1	120	5	52.7999997139	55.1884201169
2018-02-24 23:08:06.921267	GRU	0.0	0.15	3	120	0	51.8999993801	55.6276051203
2018-02-24 23:09:22.716200	GRU	0.0	0.15	3	120	1	71.3500022888	65.4213480817
2018-02-24 23:10:38.524481	GRU	0.0	0.15	3	120	2	78.7000000477	77.3746942149
2018-02-24 23:11:54.277663	GRU	0.0	0.15	3	120	3	81.0000002384	80.8231894837
2018-02-24 23:13:09.981353	GRU	0.0	0.15	3	120	4	81.8000018597	82.2181887759
2018-02-24 23:14:26.011211	GRU	0.0	0.15	3	120	5	82.9999983311	83.9007357094
2018-02-24 23:15:41.657717	GRU	0.0	0.15	3	120	6	83.6000025272	84.7953435447
2018-02-24 23:16:57.413105	GRU	0.0	0.15	3	120	7	83.6000025272	85.6655606959
2018-02-24 23:18:13.490333	GRU	0.0	0.15	3	120	8	83.9500010014	85.9086673127
2018-02-24 23:19:29.420541	GRU	0.0	0.15	3	120	9	83.5500001907	86.5344502529
2018-02-24 23:20:45.533996	GRU	0.0	0.15	3	120	10	84.1499984264	87.1694924434
2018-02-24 23:22:01.041431	GRU	0.0	0.15	3	120	11	84.7000002861	87.5087659889
2018-02-24 23:23:16.946270	GRU	0.0	0.15	3	120	12	85.0000023842	87.9350663556
2018-02-24 23:24:32.899608	GRU	0.0	0.15	3	120	13	85.949999094	88.4614654382
2018-02-24 23:25:48.004055	GRU	0.0	0.1	1	25	0	50.0	51.8154286676
2018-02-24 23:26:10.940279	GRU	0.0	0.1	1	25	1	63.2499992847	53.5586374005
2018-02-24 23:26:33.867692	GRU	0.0	0.1	1	25	2	75.150001049	71.4753036367
2018-02-24 23:26:56.322439	GRU	0.0	0.1	1	25	3	78.4500002861	77.3535715209
2018-02-24 23:27:18.600233	GRU	0.0	0.1	1	25	4	79.0000021458	79.3952892224
2018-02-24 23:27:40.234996	GRU	0.0	0.1	1	25	5	80.6999981403	80.8440909121
2018-02-24 23:29:52.617168	LSTM	0.3	0.3	2	300	0	49.9500006437	54.4142336316
2018-02-24 23:30:38.341633	LSTM	0.3	0.3	2	300	1	50.7499992847	51.2609281143
2018-02-24 23:31:24.129332	LSTM	0.3	0.3	2	300	2	50.4499971867	51.8727031019
2018-02-24 23:32:09.947377	LSTM	0.3	0.3	2	300	3	53.3500015736	51.9126846724
2018-02-24 23:32:55.848904	LSTM	0.3	0.3	2	300	4	50.3499984741	53.3180327217
2018-02-24 23:33:42.180278	LSTM	0.3	0.3	2	300	5	50.0	51.8572483129
2018-02-24 23:34:28.210862	LSTM	0.3	0.3	2	300	6	50.0	52.6726420389
2018-02-24 23:35:14.239106	LSTM	0.3	0.3	2	300	7	50.0	50.8218960961
2018-02-24 23:36:00.164456	LSTM	0.3	0.3	2	300	8	50.0	50.5218213465
2018-02-24 23:38:12.049076	LSTM	0.3	0.15	2	120	0	50.0999987125	52.9835076133
2018-02-24 23:38:56.386563	LSTM	0.3	0.15	2	120	1	52.6499986649	53.1883351339
2018-02-24 23:39:41.030901	LSTM	0.3	0.15	2	120	2	50.8000016212	54.4098251396
2018-02-24 23:40:25.716704	LSTM	0.3	0.15	2	120	3	50.8000016212	51.4427091347
2018-02-24 23:41:10.326393	LSTM	0.3	0.15	2	120	4	52.3999989033	51.7709363831
2018-02-24 23:41:55.096860	LSTM	0.3	0.15	2	120	5	54.1000008583	53.63946865
2018-02-24 23:42:40.057311	LSTM	0.3	0.15	2	120	6	60.3500008583	57.137068775
2018-02-24 23:43:24.800133	LSTM	0.3	0.15	2	120	7	51.7499983311	51.7609622081
2018-02-24 23:44:09.426475	LSTM	0.3	0.15	2	120	8	51.1500000954	52.6321665777
2018-02-25 00:03:27.000577	NORM	0.3	0.0	3	25	0	49.9500006437	50.4583853152
2018-02-25 00:11:11.764167	NORM	0.3	0.0	3	25	1	49.5499998331	52.3358535104
2018-02-25 00:18:54.051756	NORM	0.3	0.0	3	25	2	51.0999977589	52.1567274796
2018-02-25 00:26:31.636793	NORM	0.3	0.0	3	25	3	51.9500017166	51.5070303281
2018-02-25 00:34:10.825053	NORM	0.3	0.0	3	25	4	50.8000016212	52.0619222191
2018-02-25 00:41:45.392441	NORM	0.3	0.0	3	25	5	53.3500015736	52.9861632321
2018-02-25 00:49:25.182603	NORM	0.3	0.0	3	25	6	48.1000006199	52.6815095544
2018-02-25 00:57:03.904289	NORM	0.3	0.0	3	25	7	54.7999978065	53.2325719463
2018-02-25 01:04:42.646367	NORM	0.3	0.0	3	25	8	51.2000024319	52.6724886894
2018-02-25 01:12:19.962695	NORM	0.3	0.0	3	25	9	52.9500007629	53.9971416195
2018-02-25 01:20:01.595719	NORM	0.3	0.0	3	25	10	55.9499979019	54.630362557
2018-02-25 01:27:43.183186	NORM	0.3	0.0	3	25	11	54.0000021458	54.7158064776
2018-02-25 01:35:17.457277	NORM	0.3	0.0	3	25	12	51.1500000954	53.1010360188
2018-02-25 01:43:01.831181	NORM	0.3	0.0	3	25	13	54.9499988556	54.453364412
2018-02-25 01:56:52.566766	NORM	0.2	0.1	2	300	0	50.0	50.0179575549
2018-02-25 02:02:22.500639	NORM	0.2	0.1	2	300	1	52.3999989033	51.4051786727
2018-02-25 02:07:53.866225	NORM	0.2	0.1	2	300	2	50.3000020981	51.7824763722
2018-02-25 02:13:25.844398	NORM	0.2	0.1	2	300	3	50.4999995232	51.7469712098
2018-02-25 02:18:57.019407	NORM	0.2	0.1	2	300	4	51.1500000954	52.3213347461
2018-02-25 02:24:35.130078	NORM	0.2	0.1	2	300	5	52.1000027657	53.1340559324
2018-02-25 02:30:13.972328	NORM	0.2	0.1	2	300	6	49.849998951	51.2448947628
2018-02-25 02:35:50.358930	NORM	0.2	0.1	2	300	7	49.5499998331	52.1951091952
2018-02-25 02:41:28.850848	NORM	0.2	0.1	2	300	8	52.2499978542	52.2958377997
2018-02-25 02:45:13.531626	LSTM	0.3	0.15	3	25	0	50.6500005722	54.1211373607
2018-02-25 02:46:20.148836	LSTM	0.3	0.15	3	25	1	50.1999974251	53.5876744986
2018-02-25 02:47:26.399952	LSTM	0.3	0.15	3	25	2	51.3000011444	51.7348865006
2018-02-25 02:48:32.879850	LSTM	0.3	0.15	3	25	3	56.3499987125	53.8267815113
2018-02-25 02:49:39.292790	LSTM	0.3	0.15	3	25	4	51.3499975204	54.4915928112
2018-02-25 02:50:45.651874	LSTM	0.3	0.15	3	25	5	57.5999975204	53.9964266949
2018-02-25 02:51:51.742636	LSTM	0.3	0.15	3	25	6	56.4499974251	54.0895128912
2018-02-25 02:52:57.411424	LSTM	0.3	0.15	3	25	7	61.9000017643	58.7534051471
2018-02-25 02:54:03.786394	LSTM	0.3	0.15	3	25	8	50.4999995232	54.5011750195
2018-02-25 02:55:09.960062	LSTM	0.3	0.15	3	25	9	53.7999987602	50.7389203045
2018-02-25 02:56:16.521046	LSTM	0.3	0.15	3	25	10	51.0999977589	51.3046202726
2018-02-25 02:57:23.068854	LSTM	0.3	0.15	3	25	11	53.2999992371	51.9473048051
2018-02-25 02:58:29.317452	LSTM	0.3	0.15	3	25	12	54.6000003815	53.0319320162
2018-02-25 02:59:35.602628	LSTM	0.3	0.15	3	25	13	50.7000029087	57.5757089588
2018-02-25 03:04:04.326399	LSTM-PEEP	0.3	0.15	3	50	0	52.7999997139	52.9403603739
2018-02-25 03:05:32.196703	LSTM-PEEP	0.3	0.15	3	50	1	51.2499988079	56.6481999887
2018-02-25 03:06:59.635523	LSTM-PEEP	0.3	0.15	3	50	2	62.4000012875	61.6621571117
2018-02-25 03:08:27.217880	LSTM-PEEP	0.3	0.15	3	50	3	64.7499978542	64.3100670311
2018-02-25 03:09:54.474719	LSTM-PEEP	0.3	0.15	3	50	4	67.2999978065	68.615350061
2018-02-25 03:11:21.972160	LSTM-PEEP	0.3	0.15	3	50	5	57.5500011444	66.7275165187
2018-02-25 03:12:49.344530	LSTM-PEEP	0.3	0.15	3	50	6	72.0499992371	72.5856488281
2018-02-25 03:14:16.736618	LSTM-PEEP	0.3	0.15	3	50	7	75.7000029087	73.42778186
2018-02-25 03:15:44.094538	LSTM-PEEP	0.3	0.15	3	50	8	75.5500018597	76.129698356
2018-02-25 03:17:11.892618	LSTM-PEEP	0.3	0.15	3	50	9	75.5999982357	76.573717263
2018-02-25 03:18:39.338826	LSTM-PEEP	0.3	0.15	3	50	10	76.3499975204	77.4354751243
2018-02-25 03:20:06.753914	LSTM-PEEP	0.3	0.15	3	50	11	75.6500005722	78.4265392356
2018-02-25 03:21:34.329222	LSTM-PEEP	0.3	0.15	3	50	12	79.2500019073	78.0710789892
2018-02-25 03:23:02.086914	LSTM-PEEP	0.3	0.15	3	50	13	79.2500019073	79.4081058105
2018-02-25 03:29:23.898979	NORM	0.2	0.0	1	120	0	49.4500011206	49.0376670824
2018-02-25 03:31:59.198668	NORM	0.2	0.0	1	120	1	50.0	49.8692987694
2018-02-25 03:34:35.625497	NORM	0.2	0.0	1	120	2	49.6499985456	49.8269512256
2018-02-25 03:37:13.086580	NORM	0.2	0.0	1	120	3	48.5500007868	50.4731760422
2018-02-25 03:39:50.523675	NORM	0.2	0.0	1	120	4	50.0500023365	50.6350600388
2018-02-25 03:42:27.811057	NORM	0.2	0.0	1	120	5	51.0500013828	50.6555187702
2018-02-25 03:44:07.852341	LSTM-PEEP	0.1	0.1	1	120	0	52.9500007629	53.1511788236
2018-02-25 03:44:35.687655	LSTM-PEEP	0.1	0.1	1	120	1	50.3499984741	53.7382056647
2018-02-25 03:45:03.514486	LSTM-PEEP	0.1	0.1	1	120	2	53.4500002861	52.6617657476
2018-02-25 03:45:31.293471	LSTM-PEEP	0.1	0.1	1	120	3	51.0999977589	53.8264411026
2018-02-25 03:45:58.874022	LSTM-PEEP	0.1	0.1	1	120	4	51.9999980927	53.9243780573
2018-02-25 03:46:26.843685	LSTM-PEEP	0.1	0.1	1	120	5	52.1499991417	54.1292562087
2018-02-25 03:49:32.901309	LSTM	0.2	0.15	3	25	0	57.4500024319	54.6588722865
2018-02-25 03:50:38.118651	LSTM	0.2	0.15	3	25	1	63.3499979973	60.6944965654
2018-02-25 03:51:43.270243	LSTM	0.2	0.15	3	25	2	56.8000018597	64.152148962
2018-02-25 03:52:48.634699	LSTM	0.2	0.15	3	25	3	59.249997139	58.6502428187
2018-02-25 03:53:53.855490	LSTM	0.2	0.15	3	25	4	66.2500023842	62.1921475728
2018-02-25 03:54:59.627923	LSTM	0.2	0.15	3	25	5	59.500002861	63.8990001877
2018-02-25 03:56:04.997052	LSTM	0.2	0.15	3	25	6	58.5500001907	65.9743677245
2018-02-25 03:57:10.536593	LSTM	0.2	0.15	3	25	7	48.8499999046	51.2651833561
2018-02-25 03:58:15.135487	LSTM	0.2	0.15	3	25	8	48.9499986172	50.6386173765
2018-02-25 03:59:20.618520	LSTM	0.2	0.15	3	25	9	49.0999996662	51.113443772
2018-02-25 04:00:26.109848	LSTM	0.2	0.15	3	25	10	49.7500002384	51.6441661451
2018-02-25 04:01:31.443824	LSTM	0.2	0.15	3	25	11	50.3499984741	51.940292418
2018-02-25 04:02:36.766985	LSTM	0.2	0.15	3	25	12	50.7000029087	52.4340117309
2018-02-25 04:03:42.008830	LSTM	0.2	0.15	3	25	13	51.3999998569	53.1002870202
2018-02-25 04:04:43.710761	LSTM	0.0	0.0	1	300	0	52.7999997139	53.1653570135
2018-02-25 04:05:04.206523	LSTM	0.0	0.0	1	300	1	51.9500017166	53.7072619796
2018-02-25 04:05:24.921747	LSTM	0.0	0.0	1	300	2	63.5999977589	54.8753585418
2018-02-25 04:05:45.848509	LSTM	0.0	0.0	1	300	3	51.700001955	55.3888900081
2018-02-25 04:06:06.459981	LSTM	0.0	0.0	1	300	4	55.7500004768	54.1941221886
2018-02-25 04:06:27.213952	LSTM	0.0	0.0	1	300	5	54.4000029564	54.9082936181
2018-02-25 04:09:27.791606	LSTM-PEEP	0.2	0.3	2	120	0	50.0	55.6018867758
2018-02-25 04:10:24.246205	LSTM-PEEP	0.2	0.3	2	120	1	53.149998188	51.7733361986
2018-02-25 04:11:22.214703	LSTM-PEEP	0.2	0.3	2	120	2	54.650002718	53.6124226451
2018-02-25 04:12:20.249690	LSTM-PEEP	0.2	0.3	2	120	3	63.5500013828	59.3780817588
2018-02-25 04:13:18.444045	LSTM-PEEP	0.2	0.3	2	120	4	64.4999980927	64.2645195458
2018-02-25 04:14:16.053822	LSTM-PEEP	0.2	0.3	2	120	5	73.7999975681	70.0076430374
2018-02-25 04:15:14.014360	LSTM-PEEP	0.2	0.3	2	120	6	76.4999985695	74.3117517233
2018-02-25 04:16:11.999265	LSTM-PEEP	0.2	0.3	2	120	7	77.6499986649	77.2300353315
2018-02-25 04:17:10.053942	LSTM-PEEP	0.2	0.3	2	120	8	79.1499972343	78.879579107
2018-02-25 04:19:23.892094	LSTM	0.0	0.1	2	50	0	65.0499999523	55.8076841633
2018-02-25 04:20:07.088129	LSTM	0.0	0.1	2	50	1	66.7999982834	60.9884779983
2018-02-25 04:20:50.337135	LSTM	0.0	0.1	2	50	2	54.4499993324	57.1285754773
2018-02-25 04:21:33.539943	LSTM	0.0	0.1	2	50	3	63.4999990463	58.0165281561
2018-02-25 04:22:16.675154	LSTM	0.0	0.1	2	50	4	52.6000022888	57.4334329367
2018-02-25 04:22:59.459434	LSTM	0.0	0.1	2	50	5	50.8000016212	53.5645945205
2018-02-25 04:23:41.689159	LSTM	0.0	0.1	2	50	6	51.1500000954	53.7865102622
2018-02-25 04:24:24.539427	LSTM	0.0	0.1	2	50	7	51.8499970436	53.5989252726
2018-02-25 04:25:06.255319	LSTM	0.0	0.1	2	50	8	53.4500002861	52.3842262559
2018-02-25 04:31:18.574620	NORM	0.0	0.15	1	300	0	49.9500006437	50.5518116222
2018-02-25 04:33:54.530065	NORM	0.0	0.15	1	300	1	51.9500017166	50.2351416151
2018-02-25 04:36:30.598094	NORM	0.0	0.15	1	300	2	51.700001955	50.6915857395
2018-02-25 04:39:07.127203	NORM	0.0	0.15	1	300	3	51.9500017166	50.3856895367
2018-02-25 04:41:43.386619	NORM	0.0	0.15	1	300	4	49.7999995947	50.9687677357
2018-02-25 04:44:19.528973	NORM	0.0	0.15	1	300	5	51.9999980927	50.4953199956
2018-02-25 04:47:36.801975	LSTM	0.1	0.0	3	120	0	50.5500018597	53.2959565851
2018-02-25 04:48:42.786940	LSTM	0.1	0.0	3	120	1	54.0499985218	52.4899417493
2018-02-25 04:49:48.615868	LSTM	0.1	0.0	3	120	2	59.350001812	57.9092637698
2018-02-25 04:50:54.596568	LSTM	0.1	0.0	3	120	3	50.0	54.802203344
2018-02-25 04:52:00.539365	LSTM	0.1	0.0	3	120	4	53.7000000477	51.6590253181
2018-02-25 04:53:04.755382	LSTM	0.1	0.0	3	120	5	50.0	51.6634164585
2018-02-25 04:54:10.509312	LSTM	0.1	0.0	3	120	6	50.0	52.3019989994
2018-02-25 04:55:16.749470	LSTM	0.1	0.0	3	120	7	54.2500019073	51.7585283187
2018-02-25 04:56:22.553896	LSTM	0.1	0.0	3	120	8	50.0500023365	50.4211097956
2018-02-25 04:57:28.505635	LSTM	0.1	0.0	3	120	9	51.700001955	50.3957659337
2018-02-25 04:58:34.569152	LSTM	0.1	0.0	3	120	10	58.0999970436	53.440462682
2018-02-25 04:59:40.475689	LSTM	0.1	0.0	3	120	11	50.1999974251	52.5049707625
2018-02-25 05:00:46.346734	LSTM	0.1	0.0	3	120	12	50.3499984741	51.0834702518
2018-02-25 05:01:52.231464	LSTM	0.1	0.0	3	120	13	51.0500013828	51.0913508468
2018-02-25 05:08:07.564600	NORM	0.0	0.15	1	50	0	49.3999987841	50.4616020785
2018-02-25 05:10:43.358200	NORM	0.0	0.15	1	50	1	49.5000004768	50.6624464525
2018-02-25 05:13:18.128496	NORM	0.0	0.15	1	50	2	51.2499988079	50.6290514933
2018-02-25 05:15:53.417100	NORM	0.0	0.15	1	50	3	51.0999977589	50.1506847805
2018-02-25 05:18:27.919069	NORM	0.0	0.15	1	50	4	51.599997282	50.5875042081
2018-02-25 05:21:01.292871	NORM	0.0	0.15	1	50	5	51.0500013828	50.9901627898
2018-02-25 05:27:21.460897	NORM	0.1	0.1	1	50	0	51.2499988079	50.0079494052
2018-02-25 05:29:55.774910	NORM	0.1	0.1	1	50	1	50.0500023365	51.0734280944
2018-02-25 05:32:30.815274	NORM	0.1	0.1	1	50	2	51.8499970436	51.1440980766
2018-02-25 05:35:06.104154	NORM	0.1	0.1	1	50	3	49.9500006437	51.365282072
2018-02-25 05:37:39.568672	NORM	0.1	0.1	1	50	4	51.550000906	51.3300661908
2018-02-25 05:40:14.615572	NORM	0.1	0.1	1	50	5	51.3999998569	52.0477439629
2018-02-25 05:43:39.962076	LSTM	0.0	0.15	3	120	0	65.8500015736	54.2424267862
2018-02-25 05:44:43.536217	LSTM	0.0	0.15	3	120	1	50.9500026703	54.5911297864
2018-02-25 05:45:47.138761	LSTM	0.0	0.15	3	120	2	54.2500019073	52.9647851321
2018-02-25 05:46:51.878399	LSTM	0.0	0.15	3	120	3	50.0	54.794254899
2018-02-25 05:47:55.981154	LSTM	0.0	0.15	3	120	4	50.0	50.2305801378
2018-02-25 05:49:01.464600	LSTM	0.0	0.15	3	120	5	50.0	50.1788883077
2018-02-25 05:50:05.852057	LSTM	0.0	0.15	3	120	6	52.6499986649	51.5127833684
2018-02-25 05:51:10.360477	LSTM	0.0	0.15	3	120	7	51.1500000954	53.0428250631
2018-02-25 05:52:14.857796	LSTM	0.0	0.15	3	120	8	49.0000009537	53.2834466298
2018-02-25 05:53:18.684004	LSTM	0.0	0.15	3	120	9	53.250002861	55.3196837174
2018-02-25 05:54:22.689673	LSTM	0.0	0.15	3	120	10	51.3999998569	56.2585113446
2018-02-25 05:55:27.423908	LSTM	0.0	0.15	3	120	11	51.550000906	52.3091308607
2018-02-25 05:56:31.961589	LSTM	0.0	0.15	3	120	12	52.7000010014	56.4307608869
2018-02-25 05:57:36.215791	LSTM	0.0	0.15	3	120	13	56.9500029087	54.3982172675
2018-02-25 06:02:01.425406	LSTM-PEEP	0.0	0.1	3	50	0	51.700001955	53.8413339853
2018-02-25 06:03:25.924856	LSTM-PEEP	0.0	0.1	3	50	1	61.5000009537	59.0722027421
2018-02-25 06:04:50.445371	LSTM-PEEP	0.0	0.1	3	50	2	66.6000008583	67.2484519747
2018-02-25 06:06:14.711384	LSTM-PEEP	0.0	0.1	3	50	3	71.4999973774	69.1107034021
2018-02-25 06:07:39.271356	LSTM-PEEP	0.0	0.1	3	50	4	71.749997139	70.7394649585
2018-02-25 06:09:03.592870	LSTM-PEEP	0.0	0.1	3	50	5	75.9000003338	73.3437677224
2018-02-25 06:10:28.106213	LSTM-PEEP	0.0	0.1	3	50	6	77.1499991417	75.6908537282
2018-02-25 06:11:52.333398	LSTM-PEEP	0.0	0.1	3	50	7	77.6499986649	76.6928280724
2018-02-25 06:13:16.686933	LSTM-PEEP	0.0	0.1	3	50	8	73.7500011921	76.938249535
2018-02-25 06:14:40.589544	LSTM-PEEP	0.0	0.1	3	50	9	78.149998188	77.7871227264
2018-02-25 06:16:04.725701	LSTM-PEEP	0.0	0.1	3	50	10	78.8500010967	79.0600495868
2018-02-25 06:17:29.654578	LSTM-PEEP	0.0	0.1	3	50	11	80.0000011921	79.525003963
2018-02-25 06:18:54.069657	LSTM-PEEP	0.0	0.1	3	50	12	79.5000016689	80.7914459043
2018-02-25 06:20:18.542283	LSTM-PEEP	0.0	0.1	3	50	13	80.0000011921	79.7790888945
2018-02-25 06:21:51.153302	LSTM-PEEP	0.0	0.1	1	25	0	53.7000000477	51.9849547744
2018-02-25 06:22:17.758032	LSTM-PEEP	0.0	0.1	1	25	1	61.6999983788	57.0171238316
2018-02-25 06:22:44.327493	LSTM-PEEP	0.0	0.1	1	25	2	59.7999989986	63.0140770806
2018-02-25 06:23:10.857921	LSTM-PEEP	0.0	0.1	1	25	3	66.0499989986	65.9396284819
2018-02-25 06:23:37.547708	LSTM-PEEP	0.0	0.1	1	25	4	66.7500019073	66.1900710397
2018-02-25 06:24:04.207736	LSTM-PEEP	0.0	0.1	1	25	5	68.75	70.212759508
2018-02-25 06:25:13.651481	GRU	0.2	0.15	1	120	0	53.3500015736	51.3363298774
2018-02-25 06:25:35.189392	GRU	0.2	0.15	1	120	1	56.25	55.6173587508
2018-02-25 06:25:56.892151	GRU	0.2	0.15	1	120	2	51.3499975204	55.1602167885
2018-02-25 06:26:18.487162	GRU	0.2	0.15	1	120	3	56.25	55.9361904528
2018-02-25 06:26:40.077643	GRU	0.2	0.15	1	120	4	50.7000029087	55.6108567119
2018-02-25 06:27:01.948872	GRU	0.2	0.15	1	120	5	61.5999996662	56.5360848771
2018-02-25 06:29:19.699588	GRU	0.1	0.0	2	50	0	67.9499983788	55.2057983478
2018-02-25 06:30:06.059655	GRU	0.1	0.0	2	50	1	68.75	63.7820338541
2018-02-25 06:30:52.276291	GRU	0.1	0.0	2	50	2	63.7000024319	65.3903195262
2018-02-25 06:31:38.308509	GRU	0.1	0.0	2	50	3	67.9499983788	58.6245073544
2018-02-25 06:32:24.894870	GRU	0.1	0.0	2	50	4	52.2000014782	65.0284083684
2018-02-25 06:33:11.766967	GRU	0.1	0.0	2	50	5	71.6000020504	57.0907723904
2018-02-25 06:33:58.418567	GRU	0.1	0.0	2	50	6	57.5500011444	56.9747934408
2018-02-25 06:34:44.713004	GRU	0.1	0.0	2	50	7	58.7000012398	58.4545558029
2018-02-25 06:35:31.029516	GRU	0.1	0.0	2	50	8	71.4500010014	67.4192206065
2018-02-25 06:37:39.223238	LSTM	0.0	0.15	2	25	0	52.4999976158	53.1552977032
2018-02-25 06:38:20.551108	LSTM	0.0	0.15	2	25	1	53.6000013351	51.139468352
2018-02-25 06:39:01.819347	LSTM	0.0	0.15	2	25	2	59.350001812	53.5772750775
2018-02-25 06:39:43.723243	LSTM	0.0	0.15	2	25	3	54.8500001431	54.6085250378
2018-02-25 06:40:25.130437	LSTM	0.0	0.15	2	25	4	63.4999990463	56.3851624727
2018-02-25 06:41:06.257560	LSTM	0.0	0.15	2	25	5	56.6999971867	58.9123786158
2018-02-25 06:41:47.676221	LSTM	0.0	0.15	2	25	6	57.5999975204	57.3529422945
2018-02-25 06:42:28.873879	LSTM	0.0	0.15	2	25	7	50.4000008106	60.461874538
2018-02-25 06:43:10.328769	LSTM	0.0	0.15	2	25	8	50.0500023365	50.7179167867
2018-02-25 06:47:31.094764	LSTM-PEEP	0.3	0.0	3	25	0	61.6500020027	52.8614014718
2018-02-25 06:48:56.308786	LSTM-PEEP	0.3	0.0	3	25	1	66.4499998093	66.4937202136
2018-02-25 06:50:20.523400	LSTM-PEEP	0.3	0.0	3	25	2	68.1500017643	68.8112413221
2018-02-25 06:51:44.716634	LSTM-PEEP	0.3	0.0	3	25	3	71.850001812	70.9564958678
2018-02-25 06:53:08.916007	LSTM-PEEP	0.3	0.0	3	25	4	73.0000019073	72.7341374424
2018-02-25 06:54:32.925865	LSTM-PEEP	0.3	0.0	3	25	5	73.449999094	73.326015075
2018-02-25 06:55:57.010202	LSTM-PEEP	0.3	0.0	3	25	6	75.7499992847	75.1212901539
2018-02-25 06:57:21.142951	LSTM-PEEP	0.3	0.0	3	25	7	75.9500026703	74.7624598609
2018-02-25 06:58:44.963474	LSTM-PEEP	0.3	0.0	3	25	8	74.7500002384	75.8595799075
2018-02-25 07:00:08.903970	LSTM-PEEP	0.3	0.0	3	25	9	76.8499970436	75.7259333796
2018-02-25 07:01:33.131985	LSTM-PEEP	0.3	0.0	3	25	10	76.550000906	76.6789391968
2018-02-25 07:02:57.054720	LSTM-PEEP	0.3	0.0	3	25	11	77.9500007629	77.3032924202
2018-02-25 07:04:21.049799	LSTM-PEEP	0.3	0.0	3	25	12	78.6000013351	77.8976040416
2018-02-25 07:05:45.217876	LSTM-PEEP	0.3	0.0	3	25	13	76.9500017166	77.206053204
2018-02-25 07:09:22.216384	GRU	0.1	0.0	3	120	0	63.6500000954	52.9472878906
2018-02-25 07:10:32.407381	GRU	0.1	0.0	3	120	1	74.5500028133	68.7731829617
2018-02-25 07:11:42.485408	GRU	0.1	0.0	3	120	2	75.5500018597	72.5822277202
2018-02-25 07:12:52.623489	GRU	0.1	0.0	3	120	3	74.5000004768	74.6227369044
2018-02-25 07:14:02.802271	GRU	0.1	0.0	3	120	4	74.9000012875	74.7528090742
2018-02-25 07:15:12.846615	GRU	0.1	0.0	3	120	5	50.8499979973	69.3304065201
2018-02-25 07:16:23.015454	GRU	0.1	0.0	3	120	6	74.4000017643	60.6973047389
2018-02-25 07:17:33.040382	GRU	0.1	0.0	3	120	7	52.7000010014	54.6237585942
2018-02-25 07:18:43.278786	GRU	0.1	0.0	3	120	8	50.4000008106	60.5390633477
2018-02-25 07:19:53.264864	GRU	0.1	0.0	3	120	9	51.8999993801	52.6055975093
2018-02-25 07:21:03.287535	GRU	0.1	0.0	3	120	10	75.9000003338	58.7042663495
2018-02-25 07:22:13.356081	GRU	0.1	0.0	3	120	11	58.0999970436	67.159076333
2018-02-25 07:23:23.683501	GRU	0.1	0.0	3	120	12	53.5000026226	55.4927161998
2018-02-25 07:24:34.890912	GRU	0.1	0.0	3	120	13	54.7500014305	53.8699288832
2018-02-25 07:26:53.377732	LSTM	0.3	0.3	2	25	0	55.5000007153	52.3983874586
2018-02-25 07:27:34.069452	LSTM	0.3	0.3	2	25	1	67.5000011921	62.5347402361
2018-02-25 07:28:14.506377	LSTM	0.3	0.3	2	25	2	63.8499975204	56.4017914732
2018-02-25 07:28:55.251715	LSTM	0.3	0.3	2	25	3	50.0	64.1557913356
2018-02-25 07:29:35.770060	LSTM	0.3	0.3	2	25	4	49.1499990225	50.5968827009
2018-02-25 07:30:16.327732	LSTM	0.3	0.3	2	25	5	49.3499994278	51.2254228195
2018-02-25 07:30:57.004581	LSTM	0.3	0.3	2	25	6	49.3499994278	50.4561383526
2018-02-25 07:31:37.543595	LSTM	0.3	0.3	2	25	7	50.0999987125	50.652948916
2018-02-25 07:32:18.252929	LSTM	0.3	0.3	2	25	8	50.1999974251	51.0740238097
2018-02-25 07:36:35.554273	LSTM-PEEP	0.2	0.3	3	120	0	50.0	54.0540758106
2018-02-25 07:37:59.537816	LSTM-PEEP	0.2	0.3	3	120	1	60.6999993324	52.3897749186
2018-02-25 07:39:23.720917	LSTM-PEEP	0.2	0.3	3	120	2	50.0500023365	52.4143698149
2018-02-25 07:40:47.806750	LSTM-PEEP	0.2	0.3	3	120	3	64.5500004292	56.5638116002
2018-02-25 07:42:11.946185	LSTM-PEEP	0.2	0.3	3	120	4	50.0	55.1972366373
2018-02-25 07:43:35.880767	LSTM-PEEP	0.2	0.3	3	120	5	50.2499997616	51.5644582775
2018-02-25 07:45:00.122311	LSTM-PEEP	0.2	0.3	3	120	6	50.6500005722	52.9707253973
2018-02-25 07:46:24.213552	LSTM-PEEP	0.2	0.3	3	120	7	64.6000027657	60.1886753903
2018-02-25 07:47:48.296256	LSTM-PEEP	0.2	0.3	3	120	8	51.8999993801	59.881979492
2018-02-25 07:49:12.398847	LSTM-PEEP	0.2	0.3	3	120	9	68.4499979019	62.7508859502
2018-02-25 07:50:36.580659	LSTM-PEEP	0.2	0.3	3	120	10	71.850001812	70.525140365
2018-02-25 07:52:00.934209	LSTM-PEEP	0.2	0.3	3	120	11	67.150002718	71.057888137
2018-02-25 07:53:25.340532	LSTM-PEEP	0.2	0.3	3	120	12	75.3499984741	72.5205957227
2018-02-25 07:54:49.451180	LSTM-PEEP	0.2	0.3	3	120	13	76.3999998569	75.0476415952
2018-02-25 07:57:51.725337	LSTM-PEEP	0.0	0.3	2	300	0	59.1000020504	53.9584875769
2018-02-25 07:58:48.731404	LSTM-PEEP	0.0	0.3	2	300	1	51.8499970436	55.5250043339
2018-02-25 07:59:46.053142	LSTM-PEEP	0.0	0.3	2	300	2	57.4500024319	53.3511040277
2018-02-25 08:00:43.262657	LSTM-PEEP	0.0	0.3	2	300	3	52.1000027657	56.2301545673
2018-02-25 08:01:40.366662	LSTM-PEEP	0.0	0.3	2	300	4	62.8000020981	55.7125384609
2018-02-25 08:02:37.388214	LSTM-PEEP	0.0	0.3	2	300	5	62.4499976635	57.4411775006
2018-02-25 08:03:34.754026	LSTM-PEEP	0.0	0.3	2	300	6	51.8000006676	62.639434437
2018-02-25 08:04:31.793067	LSTM-PEEP	0.0	0.3	2	300	7	50.0	56.1812710762
2018-02-25 08:05:28.919559	LSTM-PEEP	0.0	0.3	2	300	8	50.0	54.0616670251
2018-02-25 08:24:00.882899	NORM	0.1	0.15	3	25	0	51.599997282	49.9966137608
2018-02-25 08:31:52.547758	NORM	0.1	0.15	3	25	1	51.0999977589	52.5307403008
2018-02-25 08:39:47.270376	NORM	0.1	0.15	3	25	2	50.4499971867	52.5915382968
2018-02-25 08:47:40.943063	NORM	0.1	0.15	3	25	3	50.6500005722	52.9148636262
2018-02-25 08:55:41.100806	NORM	0.1	0.15	3	25	4	52.2499978542	53.4337393443
2018-02-25 09:03:45.128778	NORM	0.1	0.15	3	25	5	51.4999985695	50.9441218774
2018-02-25 09:11:51.444863	NORM	0.1	0.15	3	25	6	49.3999987841	52.1689142452
2018-02-25 09:19:56.317667	NORM	0.1	0.15	3	25	7	52.999997139	52.8042630355
2018-02-25 09:28:11.485039	NORM	0.1	0.15	3	25	8	49.3499994278	52.4473900596
2018-02-25 09:36:20.733708	NORM	0.1	0.15	3	25	9	50.5999982357	52.2152446045
2018-02-25 09:44:33.294207	NORM	0.1	0.15	3	25	10	52.6499986649	52.4702657594
2018-02-25 09:52:43.154456	NORM	0.1	0.15	3	25	11	50.7000029087	52.9085998734
2018-02-25 10:00:50.186460	NORM	0.1	0.15	3	25	12	50.8000016212	52.6095973121
2018-02-25 10:09:06.199576	NORM	0.1	0.15	3	25	13	53.3500015736	53.8308834036
2018-02-25 10:11:44.529496	LSTM	0.1	0.0	2	25	0	66.2000000477	55.6941391031
2018-02-25 10:12:26.285525	LSTM	0.1	0.0	2	25	1	51.0500013828	54.2603664266
2018-02-25 10:13:07.963672	LSTM	0.1	0.0	2	25	2	53.6499977112	53.105222914
2018-02-25 10:13:49.408899	LSTM	0.1	0.0	2	25	3	51.599997282	52.1132567856
2018-02-25 10:14:31.060974	LSTM	0.1	0.0	2	25	4	54.0499985218	53.6053762502
2018-02-25 10:15:12.701804	LSTM	0.1	0.0	2	25	5	54.9000024796	55.5492079258
2018-02-25 10:15:54.275868	LSTM	0.1	0.0	2	25	6	53.3500015736	53.0474886629
2018-02-25 10:16:35.662549	LSTM	0.1	0.0	2	25	7	55.3499996662	54.2830042707
2018-02-25 10:17:17.149096	LSTM	0.1	0.0	2	25	8	56.9000005722	56.1677230729
2018-02-25 10:30:04.356568	NORM	0.3	0.3	2	300	0	52.2000014782	50.5836065279
2018-02-25 10:35:33.435791	NORM	0.3	0.3	2	300	1	50.0	50.9656020006
2018-02-25 10:40:59.744065	NORM	0.3	0.3	2	300	2	51.9999980927	51.6103802125
2018-02-25 10:46:30.002007	NORM	0.3	0.3	2	300	3	50.8499979973	52.0480502976
2018-02-25 10:51:59.141997	NORM	0.3	0.3	2	300	4	50.4999995232	51.8695372012
2018-02-25 10:57:31.838736	NORM	0.3	0.3	2	300	5	51.9500017166	52.234665321
2018-02-25 11:03:08.732866	NORM	0.3	0.3	2	300	6	50.5999982357	52.3481764065
2018-02-25 11:08:48.211512	NORM	0.3	0.3	2	300	7	50.0999987125	51.4691423376
2018-02-25 11:14:28.654650	NORM	0.3	0.3	2	300	8	52.7499973774	51.2866804666
2018-02-25 11:15:58.481108	GRU	0.1	0.15	1	50	0	53.7000000477	51.353946295
2018-02-25 11:16:19.956894	GRU	0.1	0.15	1	50	1	69.7000026703	62.2195168336
2018-02-25 11:16:41.355872	GRU	0.1	0.15	1	50	2	71.3500022888	69.3310874038
2018-02-25 11:17:02.658830	GRU	0.1	0.15	1	50	3	73.299998045	71.0324592723
2018-02-25 11:17:24.045877	GRU	0.1	0.15	1	50	4	50.7499992847	62.9695847962
2018-02-25 11:17:45.394502	GRU	0.1	0.15	1	50	5	53.3999979496	52.3136583964
2018-02-25 11:20:06.645244	GRU	0.2	0.3	2	120	0	54.5000016689	52.0845598976
2018-02-25 11:20:52.946910	GRU	0.2	0.3	2	120	1	50.8000016212	56.1484215988
2018-02-25 11:21:39.285130	GRU	0.2	0.3	2	120	2	69.3499982357	55.3454361028
2018-02-25 11:22:25.467109	GRU	0.2	0.3	2	120	3	53.4500002861	58.5822618339
2018-02-25 11:23:11.789783	GRU	0.2	0.3	2	120	4	50.0	56.7450477348
2018-02-25 11:23:58.000482	GRU	0.2	0.3	2	120	5	53.250002861	51.2349033687
2018-02-25 11:24:44.341438	GRU	0.2	0.3	2	120	6	53.8500010967	52.3140499327
2018-02-25 11:25:31.258385	GRU	0.2	0.3	2	120	7	53.149998188	54.4366160035
2018-02-25 11:26:17.755499	GRU	0.2	0.3	2	120	8	66.9000029564	55.0589097871
2018-02-25 11:29:27.084426	LSTM	0.0	0.3	3	50	0	54.8500001431	54.5306213035
2018-02-25 11:30:29.911313	LSTM	0.0	0.3	3	50	1	51.0999977589	56.27248519
2018-02-25 11:31:32.563321	LSTM	0.0	0.3	3	50	2	51.6499996185	52.0219406486
2018-02-25 11:32:35.570690	LSTM	0.0	0.3	3	50	3	48.3999997377	51.2680937515
2018-02-25 11:33:38.303577	LSTM	0.0	0.3	3	50	4	48.5000014305	50.0912316309
2018-02-25 11:34:41.021860	LSTM	0.0	0.3	3	50	5	50.0	50.1033843888
2018-02-25 11:35:43.610962	LSTM	0.0	0.3	3	50	6	50.0	49.7828165028
2018-02-25 11:36:46.247996	LSTM	0.0	0.3	3	50	7	50.0999987125	50.5657177501
2018-02-25 11:37:48.815110	LSTM	0.0	0.3	3	50	8	50.2499997616	50.0259572268
2018-02-25 11:38:51.466108	LSTM	0.0	0.3	3	50	9	50.4999995232	50.8093008399
2018-02-25 11:39:54.035422	LSTM	0.0	0.3	3	50	10	50.6500005722	51.2443670299
2018-02-25 11:40:56.667607	LSTM	0.0	0.3	3	50	11	53.8999974728	51.917739941
2018-02-25 11:41:59.355052	LSTM	0.0	0.3	3	50	12	63.8000011444	58.0654626422
2018-02-25 11:43:01.827501	LSTM	0.0	0.3	3	50	13	50.1999974251	54.1476214925
2018-02-25 11:45:27.195054	GRU	0.0	0.0	2	120	0	67.199999094	56.7797701889
2018-02-25 11:46:12.801529	GRU	0.0	0.0	2	120	1	76.0999977589	74.7150401274
2018-02-25 11:46:58.355410	GRU	0.0	0.0	2	120	2	79.3500006199	78.575232029
2018-02-25 11:47:43.929697	GRU	0.0	0.0	2	120	3	81.9500029087	82.2970286343
2018-02-25 11:48:29.543843	GRU	0.0	0.0	2	120	4	82.8999996185	82.8347635269
2018-02-25 11:49:15.122403	GRU	0.0	0.0	2	120	5	83.5500001907	84.3310359452
2018-02-25 11:50:00.498564	GRU	0.0	0.0	2	120	6	83.0999970436	85.0963034895
2018-02-25 11:50:46.073131	GRU	0.0	0.0	2	120	7	82.0500016212	85.1950065295
2018-02-25 11:51:31.371198	GRU	0.0	0.0	2	120	8	84.249997139	85.7704252005
2018-02-25 11:54:26.577817	LSTM-PEEP	0.1	0.3	2	25	0	53.7999987602	52.4455178446
2018-02-25 11:55:22.339335	LSTM-PEEP	0.1	0.3	2	25	1	51.7499983311	53.9179440671
2018-02-25 11:56:18.146117	LSTM-PEEP	0.1	0.3	2	25	2	55.5499970913	54.8890942666
2018-02-25 11:57:13.777358	LSTM-PEEP	0.1	0.3	2	25	3	51.3499975204	57.8624225656
2018-02-25 11:58:09.368552	LSTM-PEEP	0.1	0.3	2	25	4	53.5000026226	52.8067140778
2018-02-25 11:59:04.927292	LSTM-PEEP	0.1	0.3	2	25	5	60.4499995708	59.8516486751
2018-02-25 12:00:00.569062	LSTM-PEEP	0.1	0.3	2	25	6	63.3499979973	65.5752153529
2018-02-25 12:00:55.940004	LSTM-PEEP	0.1	0.3	2	25	7	52.3000001907	64.4512196382
2018-02-25 12:01:51.514062	LSTM-PEEP	0.1	0.3	2	25	8	68.0999994278	56.685645779
2018-02-25 12:04:57.647962	LSTM	0.2	0.1	3	25	0	65.499997139	54.0127666129
2018-02-25 12:06:00.448909	LSTM	0.2	0.1	3	25	1	53.7500023842	57.5172259741
2018-02-25 12:07:02.985338	LSTM	0.2	0.1	3	25	2	53.8500010967	54.4841036201
2018-02-25 12:08:05.581691	LSTM	0.2	0.1	3	25	3	51.0500013828	53.4411090281
2018-02-25 12:09:08.164138	LSTM	0.2	0.1	3	25	4	51.4999985695	51.2047088477
2018-02-25 12:10:10.858465	LSTM	0.2	0.1	3	25	5	54.1000008583	53.3358023233
2018-02-25 12:11:14.438771	LSTM	0.2	0.1	3	25	6	58.0999970436	61.4136550162
2018-02-25 12:12:17.061251	LSTM	0.2	0.1	3	25	7	62.650001049	58.8519209623
2018-02-25 12:13:19.589593	LSTM	0.2	0.1	3	25	8	58.3999991417	60.5381104019
2018-02-25 12:14:22.227441	LSTM	0.2	0.1	3	25	9	61.4000022411	62.4540621042
2018-02-25 12:15:24.802334	LSTM	0.2	0.1	3	25	10	53.5000026226	56.1990581287
2018-02-25 12:16:27.407587	LSTM	0.2	0.1	3	25	11	55.4499983788	55.4619088438
2018-02-25 12:17:30.158512	LSTM	0.2	0.1	3	25	12	51.8000006676	51.418250468
2018-02-25 12:18:33.139423	LSTM	0.2	0.1	3	25	13	54.5000016689	53.1105334891
2018-02-25 12:20:05.300536	LSTM-PEEP	0.3	0.15	1	50	0	55.1500022411	54.3954939644
2018-02-25 12:20:31.610333	LSTM-PEEP	0.3	0.15	1	50	1	50.8000016212	57.9146762358
2018-02-25 12:20:57.935565	LSTM-PEEP	0.3	0.15	1	50	2	50.3000020981	55.6848287914
2018-02-25 12:21:24.259325	LSTM-PEEP	0.3	0.15	1	50	3	61.8499994278	55.857878228
2018-02-25 12:21:50.722694	LSTM-PEEP	0.3	0.15	1	50	4	68.0999994278	68.298033211
2018-02-25 12:22:17.054201	LSTM-PEEP	0.3	0.15	1	50	5	70.9999978542	71.0354548693
2018-02-25 12:25:48.205256	GRU	0.0	0.1	3	300	0	53.2000005245	55.4829122623
